source_image,target_image,pose_error_norm,pose_best_output,expression_sim,expression_best_output,id_similarity,id_best_output,valid_outputs,total_outputs
/storage/users/multicog/mehul/RealismGuidance/data/source/27003.jpg,/storage/users/multicog/mehul/RealismGuidance/data/target/28769.jpg,0.0696,/storage/users/multicog/mehul/RealismGuidance/output/checkpoints/batch/2026-04-28-10-47-40/27003__28769/n08/img/27003__28769__final__s07.png,0.9936,/storage/users/multicog/mehul/RealismGuidance/output/checkpoints/batch/2026-04-28-10-47-40/27003__28769/n08/img/27003__28769__final__s00.png,0.3143,/storage/users/multicog/mehul/RealismGuidance/output/checkpoints/batch/2026-04-28-10-47-40/27003__28769/n08/img/27003__28769__final__s06.png,8,8
/storage/users/multicog/mehul/RealismGuidance/data/source/26373.jpg,/storage/users/multicog/mehul/RealismGuidance/data/target/18636.jpg,0.7432,/storage/users/multicog/mehul/RealismGuidance/output/checkpoints/batch/2026-04-28-10-47-40/26373__18636/n08/img/26373__18636__final__s07.png,0.9824,/storage/users/multicog/mehul/RealismGuidance/output/checkpoints/batch/2026-04-28-10-47-40/26373__18636/n08/img/26373__18636__final__s00.png,0.5565,/storage/users/multicog/mehul/RealismGuidance/output/checkpoints/batch/2026-04-28-10-47-40/26373__18636/n08/img/26373__18636__final__s05.png,8,8
/storage/users/multicog/mehul/RealismGuidance/data/source/03301.jpg,/storage/users/multicog/mehul/RealismGuidance/data/target/27544.jpg,1.0,/storage/users/multicog/mehul/RealismGuidance/output/checkpoints/batch/2026-04-28-10-47-40/03301__27544/n08/img/03301__27544__final__s00.png,0.987,/storage/users/multicog/mehul/RealismGuidance/output/checkpoints/batch/2026-04-28-10-47-40/03301__27544/n08/img/03301__27544__final__s04.png,0.5149,/storage/users/multicog/mehul/RealismGuidance/output/checkpoints/batch/2026-04-28-10-47-40/03301__27544/n08/img/03301__27544__final__s02.png,8,8
/storage/users/multicog/mehul/RealismGuidance/data/source/10663.jpg,/storage/users/multicog/mehul/RealismGuidance/data/target/01363.jpg,0.046,/storage/users/multicog/mehul/RealismGuidance/output/checkpoints/batch/2026-04-28-10-47-40/10663__01363/n08/img/10663__01363__final__s00.png,0.9987,/storage/users/multicog/mehul/RealismGuidance/output/checkpoints/batch/2026-04-28-10-47-40/10663__01363/n08/img/10663__01363__final__s02.png,0.4534,/storage/users/multicog/mehul/RealismGuidance/output/checkpoints/batch/2026-04-28-10-47-40/10663__01363/n08/img/10663__01363__final__s02.png,8,8
/storage/users/multicog/mehul/RealismGuidance/data/source/24200.jpg,/storage/users/multicog/mehul/RealismGuidance/data/target/01080.jpg,0.0588,/storage/users/multicog/mehul/RealismGuidance/output/checkpoints/batch/2026-04-28-10-47-40/24200__01080/n08/img/24200__01080__final__s06.png,0.9833,/storage/users/multicog/mehul/RealismGuidance/output/checkpoints/batch/2026-04-28-10-47-40/24200__01080/n08/img/24200__01080__final__s04.png,0.2214,/storage/users/multicog/mehul/RealismGuidance/output/checkpoints/batch/2026-04-28-10-47-40/24200__01080/n08/img/24200__01080__final__s07.png,8,8
/storage/users/multicog/mehul/RealismGuidance/data/source/04481.jpg,/storage/users/multicog/mehul/RealismGuidance/data/target/26502.jpg,0.108,/storage/users/multicog/mehul/RealismGuidance/output/checkpoints/batch/2026-04-28-10-47-40/04481__26502/n08/img/04481__26502__final__s02.png,0.9967,/storage/users/multicog/mehul/RealismGuidance/output/checkpoints/batch/2026-04-28-10-47-40/04481__26502/n08/img/04481__26502__final__s00.png,0.5148,/storage/users/multicog/mehul/RealismGuidance/output/checkpoints/batch/2026-04-28-10-47-40/04481__26502/n08/img/04481__26502__final__s00.png,8,8
/storage/users/multicog/mehul/RealismGuidance/data/source/13269.jpg,/storage/users/multicog/mehul/RealismGuidance/data/target/08835.jpg,0.1122,/storage/users/multicog/mehul/RealismGuidance/output/checkpoints/batch/2026-04-28-10-47-40/13269__08835/n08/img/13269__08835__final__s00.png,0.9942,/storage/users/multicog/mehul/RealismGuidance/output/checkpoints/batch/2026-04-28-10-47-40/13269__08835/n08/img/13269__08835__final__s05.png,0.349,/storage/users/multicog/mehul/RealismGuidance/output/checkpoints/batch/2026-04-28-10-47-40/13269__08835/n08/img/13269__08835__final__s04.png,8,8
/storage/users/multicog/mehul/RealismGuidance/data/source/01193.jpg,/storage/users/multicog/mehul/RealismGuidance/data/target/07240.jpg,0.0085,/storage/users/multicog/mehul/RealismGuidance/output/checkpoints/batch/2026-04-28-10-47-40/01193__07240/n08/img/01193__07240__final__s04.png,0.9916,/storage/users/multicog/mehul/RealismGuidance/output/checkpoints/batch/2026-04-28-10-47-40/01193__07240/n08/img/01193__07240__final__s05.png,0.3404,/storage/users/multicog/mehul/RealismGuidance/output/checkpoints/batch/2026-04-28-10-47-40/01193__07240/n08/img/01193__07240__final__s07.png,8,8
/storage/users/multicog/mehul/RealismGuidance/data/source/19610.jpg,/storage/users/multicog/mehul/RealismGuidance/data/target/15009.jpg,0.0772,/storage/users/multicog/mehul/RealismGuidance/output/checkpoints/batch/2026-04-28-10-47-40/19610__15009/n08/img/19610__15009__final__s02.png,0.9927,/storage/users/multicog/mehul/RealismGuidance/output/checkpoints/batch/2026-04-28-10-47-40/19610__15009/n08/img/19610__15009__final__s00.png,0.3735,/storage/users/multicog/mehul/RealismGuidance/output/checkpoints/batch/2026-04-28-10-47-40/19610__15009/n08/img/19610__15009__final__s04.png,8,8
/storage/users/multicog/mehul/RealismGuidance/data/source/09737.jpg,/storage/users/multicog/mehul/RealismGuidance/data/target/01452.jpg,0.1179,/storage/users/multicog/mehul/RealismGuidance/output/checkpoints/batch/2026-04-28-10-47-40/09737__01452/n08/img/09737__01452__final__s05.png,0.9607,/storage/users/multicog/mehul/RealismGuidance/output/checkpoints/batch/2026-04-28-10-47-40/09737__01452/n08/img/09737__01452__final__s02.png,0.3457,/storage/users/multicog/mehul/RealismGuidance/output/checkpoints/batch/2026-04-28-10-47-40/09737__01452/n08/img/09737__01452__final__s02.png,8,8
/storage/users/multicog/mehul/RealismGuidance/data/source/08216.jpg,/storage/users/multicog/mehul/RealismGuidance/data/target/18833.jpg,0.2142,/storage/users/multicog/mehul/RealismGuidance/output/checkpoints/batch/2026-04-28-10-47-40/08216__18833/n08/img/08216__18833__final__s01.png,0.9941,/storage/users/multicog/mehul/RealismGuidance/output/checkpoints/batch/2026-04-28-10-47-40/08216__18833/n08/img/08216__18833__final__s00.png,0.2144,/storage/users/multicog/mehul/RealismGuidance/output/checkpoints/batch/2026-04-28-10-47-40/08216__18833/n08/img/08216__18833__final__s00.png,8,8
/storage/users/multicog/mehul/RealismGuidance/data/source/07631.jpg,/storage/users/multicog/mehul/RealismGuidance/data/target/02338.jpg,0.0674,/storage/users/multicog/mehul/RealismGuidance/output/checkpoints/batch/2026-04-28-10-47-40/07631__02338/n08/img/07631__02338__final__s07.png,0.9987,/storage/users/multicog/mehul/RealismGuidance/output/checkpoints/batch/2026-04-28-10-47-40/07631__02338/n08/img/07631__02338__final__s00.png,0.4396,/storage/users/multicog/mehul/RealismGuidance/output/checkpoints/batch/2026-04-28-10-47-40/07631__02338/n08/img/07631__02338__final__s02.png,8,8
/storage/users/multicog/mehul/RealismGuidance/data/source/22350.jpg,/storage/users/multicog/mehul/RealismGuidance/data/target/17224.jpg,0.1336,/storage/users/multicog/mehul/RealismGuidance/output/checkpoints/batch/2026-04-28-10-47-40/22350__17224/n08/img/22350__17224__final__s05.png,0.967,/storage/users/multicog/mehul/RealismGuidance/output/checkpoints/batch/2026-04-28-10-47-40/22350__17224/n08/img/22350__17224__final__s00.png,0.1566,/storage/users/multicog/mehul/RealismGuidance/output/checkpoints/batch/2026-04-28-10-47-40/22350__17224/n08/img/22350__17224__final__s00.png,8,8
/storage/users/multicog/mehul/RealismGuidance/data/source/11754.jpg,/storage/users/multicog/mehul/RealismGuidance/data/target/08106.jpg,0.0235,/storage/users/multicog/mehul/RealismGuidance/output/checkpoints/batch/2026-04-28-10-47-40/11754__08106/n08/img/11754__08106__final__s03.png,0.9889,/storage/users/multicog/mehul/RealismGuidance/output/checkpoints/batch/2026-04-28-10-47-40/11754__08106/n08/img/11754__08106__final__s06.png,0.4904,/storage/users/multicog/mehul/RealismGuidance/output/checkpoints/batch/2026-04-28-10-47-40/11754__08106/n08/img/11754__08106__final__s02.png,8,8
/storage/users/multicog/mehul/RealismGuidance/data/source/18500.jpg,/storage/users/multicog/mehul/RealismGuidance/data/target/11790.jpg,0.0972,/storage/users/multicog/mehul/RealismGuidance/output/checkpoints/batch/2026-04-28-10-47-40/18500__11790/n08/img/18500__11790__final__s05.png,0.999,/storage/users/multicog/mehul/RealismGuidance/output/checkpoints/batch/2026-04-28-10-47-40/18500__11790/n08/img/18500__11790__final__s06.png,0.8004,/storage/users/multicog/mehul/RealismGuidance/output/checkpoints/batch/2026-04-28-10-47-40/18500__11790/n08/img/18500__11790__final__s01.png,8,8
/storage/users/multicog/mehul/RealismGuidance/data/source/01530.jpg,/storage/users/multicog/mehul/RealismGuidance/data/target/24138.jpg,0.0827,/storage/users/multicog/mehul/RealismGuidance/output/checkpoints/batch/2026-04-28-10-47-40/01530__24138/n08/img/01530__24138__final__s04.png,0.9883,/storage/users/multicog/mehul/RealismGuidance/output/checkpoints/batch/2026-04-28-10-47-40/01530__24138/n08/img/01530__24138__final__s01.png,0.4504,/storage/users/multicog/mehul/RealismGuidance/output/checkpoints/batch/2026-04-28-10-47-40/01530__24138/n08/img/01530__24138__final__s06.png,8,8
/storage/users/multicog/mehul/RealismGuidance/data/source/14946.jpg,/storage/users/multicog/mehul/RealismGuidance/data/target/22067.jpg,0.0454,/storage/users/multicog/mehul/RealismGuidance/output/checkpoints/batch/2026-04-28-10-47-40/14946__22067/n08/img/14946__22067__final__s00.png,0.9886,/storage/users/multicog/mehul/RealismGuidance/output/checkpoints/batch/2026-04-28-10-47-40/14946__22067/n08/img/14946__22067__final__s05.png,0.3555,/storage/users/multicog/mehul/RealismGuidance/output/checkpoints/batch/2026-04-28-10-47-40/14946__22067/n08/img/14946__22067__final__s06.png,8,8
/storage/users/multicog/mehul/RealismGuidance/data/source/24634.jpg,/storage/users/multicog/mehul/RealismGuidance/data/target/21053.jpg,0.0674,/storage/users/multicog/mehul/RealismGuidance/output/checkpoints/batch/2026-04-28-10-47-40/24634__21053/n08/img/24634__21053__final__s01.png,0.998,/storage/users/multicog/mehul/RealismGuidance/output/checkpoints/batch/2026-04-28-10-47-40/24634__21053/n08/img/24634__21053__final__s06.png,0.6789,/storage/users/multicog/mehul/RealismGuidance/output/checkpoints/batch/2026-04-28-10-47-40/24634__21053/n08/img/24634__21053__final__s06.png,8,8
/storage/users/multicog/mehul/RealismGuidance/data/source/15942.jpg,/storage/users/multicog/mehul/RealismGuidance/data/target/06575.jpg,0.1023,/storage/users/multicog/mehul/RealismGuidance/output/checkpoints/batch/2026-04-28-10-47-40/15942__06575/n08/img/15942__06575__final__s06.png,0.9801,/storage/users/multicog/mehul/RealismGuidance/output/checkpoints/batch/2026-04-28-10-47-40/15942__06575/n08/img/15942__06575__final__s06.png,0.2457,/storage/users/multicog/mehul/RealismGuidance/output/checkpoints/batch/2026-04-28-10-47-40/15942__06575/n08/img/15942__06575__final__s05.png,8,8
/storage/users/multicog/mehul/RealismGuidance/data/source/01745.jpg,/storage/users/multicog/mehul/RealismGuidance/data/target/19797.jpg,0.1068,/storage/users/multicog/mehul/RealismGuidance/output/checkpoints/batch/2026-04-28-10-47-40/01745__19797/n08/img/01745__19797__final__s02.png,0.9847,/storage/users/multicog/mehul/RealismGuidance/output/checkpoints/batch/2026-04-28-10-47-40/01745__19797/n08/img/01745__19797__final__s01.png,0.1861,/storage/users/multicog/mehul/RealismGuidance/output/checkpoints/batch/2026-04-28-10-47-40/01745__19797/n08/img/01745__19797__final__s04.png,8,8
/storage/users/multicog/mehul/RealismGuidance/data/source/18422.jpg,/storage/users/multicog/mehul/RealismGuidance/data/target/19075.jpg,1.0,/storage/users/multicog/mehul/RealismGuidance/output/checkpoints/batch/2026-04-28-10-47-40/18422__19075/n08/img/18422__19075__final__s00.png,0.9934,/storage/users/multicog/mehul/RealismGuidance/output/checkpoints/batch/2026-04-28-10-47-40/18422__19075/n08/img/18422__19075__final__s01.png,0.3256,/storage/users/multicog/mehul/RealismGuidance/output/checkpoints/batch/2026-04-28-10-47-40/18422__19075/n08/img/18422__19075__final__s05.png,8,8
/storage/users/multicog/mehul/RealismGuidance/data/source/20652.jpg,/storage/users/multicog/mehul/RealismGuidance/data/target/19077.jpg,1.0,/storage/users/multicog/mehul/RealismGuidance/output/checkpoints/batch/2026-04-28-10-47-40/20652__19077/n08/img/20652__19077__final__s00.png,0.9954,/storage/users/multicog/mehul/RealismGuidance/output/checkpoints/batch/2026-04-28-10-47-40/20652__19077/n08/img/20652__19077__final__s06.png,0.4377,/storage/users/multicog/mehul/RealismGuidance/output/checkpoints/batch/2026-04-28-10-47-40/20652__19077/n08/img/20652__19077__final__s03.png,8,8
/storage/users/multicog/mehul/RealismGuidance/data/source/29653.jpg,/storage/users/multicog/mehul/RealismGuidance/data/target/06328.jpg,0.2238,/storage/users/multicog/mehul/RealismGuidance/output/checkpoints/batch/2026-04-28-10-47-40/29653__06328/n08/img/29653__06328__final__s00.png,0.997,/storage/users/multicog/mehul/RealismGuidance/output/checkpoints/batch/2026-04-28-10-47-40/29653__06328/n08/img/29653__06328__final__s02.png,0.1698,/storage/users/multicog/mehul/RealismGuidance/output/checkpoints/batch/2026-04-28-10-47-40/29653__06328/n08/img/29653__06328__final__s07.png,8,8
/storage/users/multicog/mehul/RealismGuidance/data/source/29995.jpg,/storage/users/multicog/mehul/RealismGuidance/data/target/10782.jpg,0.1674,/storage/users/multicog/mehul/RealismGuidance/output/checkpoints/batch/2026-04-28-10-47-40/29995__10782/n08/img/29995__10782__final__s02.png,0.989,/storage/users/multicog/mehul/RealismGuidance/output/checkpoints/batch/2026-04-28-10-47-40/29995__10782/n08/img/29995__10782__final__s02.png,0.0394,/storage/users/multicog/mehul/RealismGuidance/output/checkpoints/batch/2026-04-28-10-47-40/29995__10782/n08/img/29995__10782__final__s03.png,8,8
/storage/users/multicog/mehul/RealismGuidance/data/source/22937.jpg,/storage/users/multicog/mehul/RealismGuidance/data/target/12036.jpg,0.0673,/storage/users/multicog/mehul/RealismGuidance/output/checkpoints/batch/2026-04-28-10-47-40/22937__12036/n08/img/22937__12036__final__s01.png,0.99,/storage/users/multicog/mehul/RealismGuidance/output/checkpoints/batch/2026-04-28-10-47-40/22937__12036/n08/img/22937__12036__final__s00.png,0.2302,/storage/users/multicog/mehul/RealismGuidance/output/checkpoints/batch/2026-04-28-10-47-40/22937__12036/n08/img/22937__12036__final__s01.png,8,8
/storage/users/multicog/mehul/RealismGuidance/data/source/21464.jpg,/storage/users/multicog/mehul/RealismGuidance/data/target/08608.jpg,0.088,/storage/users/multicog/mehul/RealismGuidance/output/checkpoints/batch/2026-04-28-10-47-40/21464__08608/n08/img/21464__08608__final__s04.png,0.9926,/storage/users/multicog/mehul/RealismGuidance/output/checkpoints/batch/2026-04-28-10-47-40/21464__08608/n08/img/21464__08608__final__s00.png,0.3726,/storage/users/multicog/mehul/RealismGuidance/output/checkpoints/batch/2026-04-28-10-47-40/21464__08608/n08/img/21464__08608__final__s02.png,8,8
/storage/users/multicog/mehul/RealismGuidance/data/source/20700.jpg,/storage/users/multicog/mehul/RealismGuidance/data/target/21828.jpg,0.1644,/storage/users/multicog/mehul/RealismGuidance/output/checkpoints/batch/2026-04-28-10-47-40/20700__21828/n08/img/20700__21828__final__s02.png,0.9963,/storage/users/multicog/mehul/RealismGuidance/output/checkpoints/batch/2026-04-28-10-47-40/20700__21828/n08/img/20700__21828__final__s04.png,0.4275,/storage/users/multicog/mehul/RealismGuidance/output/checkpoints/batch/2026-04-28-10-47-40/20700__21828/n08/img/20700__21828__final__s02.png,8,8
/storage/users/multicog/mehul/RealismGuidance/data/source/14498.jpg,/storage/users/multicog/mehul/RealismGuidance/data/target/12406.jpg,0.0178,/storage/users/multicog/mehul/RealismGuidance/output/checkpoints/batch/2026-04-28-10-47-40/14498__12406/n08/img/14498__12406__final__s07.png,0.9959,/storage/users/multicog/mehul/RealismGuidance/output/checkpoints/batch/2026-04-28-10-47-40/14498__12406/n08/img/14498__12406__final__s02.png,0.1326,/storage/users/multicog/mehul/RealismGuidance/output/checkpoints/batch/2026-04-28-10-47-40/14498__12406/n08/img/14498__12406__final__s03.png,8,8
/storage/users/multicog/mehul/RealismGuidance/data/source/29777.jpg,/storage/users/multicog/mehul/RealismGuidance/data/target/06197.jpg,0.0072,/storage/users/multicog/mehul/RealismGuidance/output/checkpoints/batch/2026-04-28-10-47-40/29777__06197/n08/img/29777__06197__final__s05.png,0.9611,/storage/users/multicog/mehul/RealismGuidance/output/checkpoints/batch/2026-04-28-10-47-40/29777__06197/n08/img/29777__06197__final__s03.png,0.5095,/storage/users/multicog/mehul/RealismGuidance/output/checkpoints/batch/2026-04-28-10-47-40/29777__06197/n08/img/29777__06197__final__s06.png,8,8
/storage/users/multicog/mehul/RealismGuidance/data/source/10146.jpg,/storage/users/multicog/mehul/RealismGuidance/data/target/24544.jpg,0.0581,/storage/users/multicog/mehul/RealismGuidance/output/checkpoints/batch/2026-04-28-10-47-40/10146__24544/n08/img/10146__24544__final__s02.png,0.991,/storage/users/multicog/mehul/RealismGuidance/output/checkpoints/batch/2026-04-28-10-47-40/10146__24544/n08/img/10146__24544__final__s06.png,0.2603,/storage/users/multicog/mehul/RealismGuidance/output/checkpoints/batch/2026-04-28-10-47-40/10146__24544/n08/img/10146__24544__final__s02.png,8,8
/storage/users/multicog/mehul/RealismGuidance/data/source/17501.jpg,/storage/users/multicog/mehul/RealismGuidance/data/target/03158.jpg,0.1116,/storage/users/multicog/mehul/RealismGuidance/output/checkpoints/batch/2026-04-28-10-47-40/17501__03158/n08/img/17501__03158__final__s02.png,0.9928,/storage/users/multicog/mehul/RealismGuidance/output/checkpoints/batch/2026-04-28-10-47-40/17501__03158/n08/img/17501__03158__final__s07.png,0.2884,/storage/users/multicog/mehul/RealismGuidance/output/checkpoints/batch/2026-04-28-10-47-40/17501__03158/n08/img/17501__03158__final__s04.png,8,8
/storage/users/multicog/mehul/RealismGuidance/data/source/15555.jpg,/storage/users/multicog/mehul/RealismGuidance/data/target/25606.jpg,0.0546,/storage/users/multicog/mehul/RealismGuidance/output/checkpoints/batch/2026-04-28-10-47-40/15555__25606/n08/img/15555__25606__final__s02.png,0.9451,/storage/users/multicog/mehul/RealismGuidance/output/checkpoints/batch/2026-04-28-10-47-40/15555__25606/n08/img/15555__25606__final__s06.png,0.2626,/storage/users/multicog/mehul/RealismGuidance/output/checkpoints/batch/2026-04-28-10-47-40/15555__25606/n08/img/15555__25606__final__s00.png,8,8
/storage/users/multicog/mehul/RealismGuidance/data/source/21234.jpg,/storage/users/multicog/mehul/RealismGuidance/data/target/12203.jpg,0.0395,/storage/users/multicog/mehul/RealismGuidance/output/checkpoints/batch/2026-04-28-10-47-40/21234__12203/n08/img/21234__12203__final__s05.png,0.9474,/storage/users/multicog/mehul/RealismGuidance/output/checkpoints/batch/2026-04-28-10-47-40/21234__12203/n08/img/21234__12203__final__s05.png,0.2703,/storage/users/multicog/mehul/RealismGuidance/output/checkpoints/batch/2026-04-28-10-47-40/21234__12203/n08/img/21234__12203__final__s00.png,8,8
/storage/users/multicog/mehul/RealismGuidance/data/source/02567.jpg,/storage/users/multicog/mehul/RealismGuidance/data/target/17865.jpg,0.0411,/storage/users/multicog/mehul/RealismGuidance/output/checkpoints/batch/2026-04-28-10-47-40/02567__17865/n08/img/02567__17865__final__s04.png,0.985,/storage/users/multicog/mehul/RealismGuidance/output/checkpoints/batch/2026-04-28-10-47-40/02567__17865/n08/img/02567__17865__final__s05.png,0.5043,/storage/users/multicog/mehul/RealismGuidance/output/checkpoints/batch/2026-04-28-10-47-40/02567__17865/n08/img/02567__17865__final__s00.png,8,8
/storage/users/multicog/mehul/RealismGuidance/data/source/01930.jpg,/storage/users/multicog/mehul/RealismGuidance/data/target/21513.jpg,0.0577,/storage/users/multicog/mehul/RealismGuidance/output/checkpoints/batch/2026-04-28-10-47-40/01930__21513/n08/img/01930__21513__final__s01.png,0.9955,/storage/users/multicog/mehul/RealismGuidance/output/checkpoints/batch/2026-04-28-10-47-40/01930__21513/n08/img/01930__21513__final__s04.png,0.3897,/storage/users/multicog/mehul/RealismGuidance/output/checkpoints/batch/2026-04-28-10-47-40/01930__21513/n08/img/01930__21513__final__s01.png,8,8
/storage/users/multicog/mehul/RealismGuidance/data/source/24376.jpg,/storage/users/multicog/mehul/RealismGuidance/data/target/17568.jpg,0.0946,/storage/users/multicog/mehul/RealismGuidance/output/checkpoints/batch/2026-04-28-10-47-40/24376__17568/n08/img/24376__17568__final__s04.png,0.987,/storage/users/multicog/mehul/RealismGuidance/output/checkpoints/batch/2026-04-28-10-47-40/24376__17568/n08/img/24376__17568__final__s03.png,0.4261,/storage/users/multicog/mehul/RealismGuidance/output/checkpoints/batch/2026-04-28-10-47-40/24376__17568/n08/img/24376__17568__final__s05.png,8,8
/storage/users/multicog/mehul/RealismGuidance/data/source/11437.jpg,/storage/users/multicog/mehul/RealismGuidance/data/target/10208.jpg,0.0462,/storage/users/multicog/mehul/RealismGuidance/output/checkpoints/batch/2026-04-28-10-47-40/11437__10208/n08/img/11437__10208__final__s05.png,0.9714,/storage/users/multicog/mehul/RealismGuidance/output/checkpoints/batch/2026-04-28-10-47-40/11437__10208/n08/img/11437__10208__final__s03.png,0.1773,/storage/users/multicog/mehul/RealismGuidance/output/checkpoints/batch/2026-04-28-10-47-40/11437__10208/n08/img/11437__10208__final__s04.png,8,8
/storage/users/multicog/mehul/RealismGuidance/data/source/29866.jpg,/storage/users/multicog/mehul/RealismGuidance/data/target/05681.jpg,0.6355,/storage/users/multicog/mehul/RealismGuidance/output/checkpoints/batch/2026-04-28-10-47-40/29866__05681/n08/img/29866__05681__final__s01.png,0.9963,/storage/users/multicog/mehul/RealismGuidance/output/checkpoints/batch/2026-04-28-10-47-40/29866__05681/n08/img/29866__05681__final__s00.png,0.3136,/storage/users/multicog/mehul/RealismGuidance/output/checkpoints/batch/2026-04-28-10-47-40/29866__05681/n08/img/29866__05681__final__s01.png,8,8
/storage/users/multicog/mehul/RealismGuidance/data/source/10505.jpg,/storage/users/multicog/mehul/RealismGuidance/data/target/24336.jpg,0.0352,/storage/users/multicog/mehul/RealismGuidance/output/checkpoints/batch/2026-04-28-10-47-40/10505__24336/n08/img/10505__24336__final__s02.png,0.9908,/storage/users/multicog/mehul/RealismGuidance/output/checkpoints/batch/2026-04-28-10-47-40/10505__24336/n08/img/10505__24336__final__s06.png,0.7751,/storage/users/multicog/mehul/RealismGuidance/output/checkpoints/batch/2026-04-28-10-47-40/10505__24336/n08/img/10505__24336__final__s07.png,8,8
/storage/users/multicog/mehul/RealismGuidance/data/source/19640.jpg,/storage/users/multicog/mehul/RealismGuidance/data/target/25536.jpg,0.0361,/storage/users/multicog/mehul/RealismGuidance/output/checkpoints/batch/2026-04-28-10-47-40/19640__25536/n08/img/19640__25536__final__s04.png,0.9967,/storage/users/multicog/mehul/RealismGuidance/output/checkpoints/batch/2026-04-28-10-47-40/19640__25536/n08/img/19640__25536__final__s04.png,0.3182,/storage/users/multicog/mehul/RealismGuidance/output/checkpoints/batch/2026-04-28-10-47-40/19640__25536/n08/img/19640__25536__final__s02.png,8,8
/storage/users/multicog/mehul/RealismGuidance/data/source/03211.jpg,/storage/users/multicog/mehul/RealismGuidance/data/target/09989.jpg,0.0546,/storage/users/multicog/mehul/RealismGuidance/output/checkpoints/batch/2026-04-28-10-47-40/03211__09989/n08/img/03211__09989__final__s01.png,0.9944,/storage/users/multicog/mehul/RealismGuidance/output/checkpoints/batch/2026-04-28-10-47-40/03211__09989/n08/img/03211__09989__final__s03.png,0.2287,/storage/users/multicog/mehul/RealismGuidance/output/checkpoints/batch/2026-04-28-10-47-40/03211__09989/n08/img/03211__09989__final__s02.png,8,8
/storage/users/multicog/mehul/RealismGuidance/data/source/15392.jpg,/storage/users/multicog/mehul/RealismGuidance/data/target/28995.jpg,0.113,/storage/users/multicog/mehul/RealismGuidance/output/checkpoints/batch/2026-04-28-10-47-40/15392__28995/n08/img/15392__28995__final__s07.png,0.9897,/storage/users/multicog/mehul/RealismGuidance/output/checkpoints/batch/2026-04-28-10-47-40/15392__28995/n08/img/15392__28995__final__s00.png,0.2492,/storage/users/multicog/mehul/RealismGuidance/output/checkpoints/batch/2026-04-28-10-47-40/15392__28995/n08/img/15392__28995__final__s00.png,8,8
/storage/users/multicog/mehul/RealismGuidance/data/source/28436.jpg,/storage/users/multicog/mehul/RealismGuidance/data/target/23645.jpg,1.0,/storage/users/multicog/mehul/RealismGuidance/output/checkpoints/batch/2026-04-28-10-47-40/28436__23645/n08/img/28436__23645__final__s00.png,0.988,/storage/users/multicog/mehul/RealismGuidance/output/checkpoints/batch/2026-04-28-10-47-40/28436__23645/n08/img/28436__23645__final__s04.png,0.2991,/storage/users/multicog/mehul/RealismGuidance/output/checkpoints/batch/2026-04-28-10-47-40/28436__23645/n08/img/28436__23645__final__s04.png,8,8
/storage/users/multicog/mehul/RealismGuidance/data/source/20413.jpg,/storage/users/multicog/mehul/RealismGuidance/data/target/10399.jpg,0.1406,/storage/users/multicog/mehul/RealismGuidance/output/checkpoints/batch/2026-04-28-10-47-40/20413__10399/n08/img/20413__10399__final__s07.png,0.9958,/storage/users/multicog/mehul/RealismGuidance/output/checkpoints/batch/2026-04-28-10-47-40/20413__10399/n08/img/20413__10399__final__s00.png,0.4187,/storage/users/multicog/mehul/RealismGuidance/output/checkpoints/batch/2026-04-28-10-47-40/20413__10399/n08/img/20413__10399__final__s06.png,8,8
/storage/users/multicog/mehul/RealismGuidance/data/source/23239.jpg,/storage/users/multicog/mehul/RealismGuidance/data/target/21334.jpg,1.0,/storage/users/multicog/mehul/RealismGuidance/output/checkpoints/batch/2026-04-28-10-47-40/23239__21334/n08/img/23239__21334__final__s00.png,0.9992,/storage/users/multicog/mehul/RealismGuidance/output/checkpoints/batch/2026-04-28-10-47-40/23239__21334/n08/img/23239__21334__final__s05.png,0.7677,/storage/users/multicog/mehul/RealismGuidance/output/checkpoints/batch/2026-04-28-10-47-40/23239__21334/n08/img/23239__21334__final__s04.png,8,8
/storage/users/multicog/mehul/RealismGuidance/data/source/06509.jpg,/storage/users/multicog/mehul/RealismGuidance/data/target/02712.jpg,0.058,/storage/users/multicog/mehul/RealismGuidance/output/checkpoints/batch/2026-04-28-10-47-40/06509__02712/n08/img/06509__02712__final__s02.png,0.9877,/storage/users/multicog/mehul/RealismGuidance/output/checkpoints/batch/2026-04-28-10-47-40/06509__02712/n08/img/06509__02712__final__s06.png,0.1831,/storage/users/multicog/mehul/RealismGuidance/output/checkpoints/batch/2026-04-28-10-47-40/06509__02712/n08/img/06509__02712__final__s01.png,8,8
/storage/users/multicog/mehul/RealismGuidance/data/source/28860.jpg,/storage/users/multicog/mehul/RealismGuidance/data/target/29785.jpg,0.025,/storage/users/multicog/mehul/RealismGuidance/output/checkpoints/batch/2026-04-28-10-47-40/28860__29785/n08/img/28860__29785__final__s03.png,0.9949,/storage/users/multicog/mehul/RealismGuidance/output/checkpoints/batch/2026-04-28-10-47-40/28860__29785/n08/img/28860__29785__final__s03.png,0.4228,/storage/users/multicog/mehul/RealismGuidance/output/checkpoints/batch/2026-04-28-10-47-40/28860__29785/n08/img/28860__29785__final__s03.png,8,8
/storage/users/multicog/mehul/RealismGuidance/data/source/10253.jpg,/storage/users/multicog/mehul/RealismGuidance/data/target/17779.jpg,0.1111,/storage/users/multicog/mehul/RealismGuidance/output/checkpoints/batch/2026-04-28-10-47-40/10253__17779/n08/img/10253__17779__final__s01.png,0.9942,/storage/users/multicog/mehul/RealismGuidance/output/checkpoints/batch/2026-04-28-10-47-40/10253__17779/n08/img/10253__17779__final__s00.png,0.3294,/storage/users/multicog/mehul/RealismGuidance/output/checkpoints/batch/2026-04-28-10-47-40/10253__17779/n08/img/10253__17779__final__s07.png,8,8
/storage/users/multicog/mehul/RealismGuidance/data/source/08658.jpg,/storage/users/multicog/mehul/RealismGuidance/data/target/24361.jpg,0.1057,/storage/users/multicog/mehul/RealismGuidance/output/checkpoints/batch/2026-04-28-10-47-40/08658__24361/n08/img/08658__24361__final__s00.png,0.9834,/storage/users/multicog/mehul/RealismGuidance/output/checkpoints/batch/2026-04-28-10-47-40/08658__24361/n08/img/08658__24361__final__s02.png,0.4479,/storage/users/multicog/mehul/RealismGuidance/output/checkpoints/batch/2026-04-28-10-47-40/08658__24361/n08/img/08658__24361__final__s02.png,8,8
/storage/users/multicog/mehul/RealismGuidance/data/source/19318.jpg,/storage/users/multicog/mehul/RealismGuidance/data/target/02645.jpg,0.1431,/storage/users/multicog/mehul/RealismGuidance/output/checkpoints/batch/2026-04-28-10-47-40/19318__02645/n08/img/19318__02645__final__s07.png,0.8995,/storage/users/multicog/mehul/RealismGuidance/output/checkpoints/batch/2026-04-28-10-47-40/19318__02645/n08/img/19318__02645__final__s01.png,0.3301,/storage/users/multicog/mehul/RealismGuidance/output/checkpoints/batch/2026-04-28-10-47-40/19318__02645/n08/img/19318__02645__final__s05.png,8,8
/storage/users/multicog/mehul/RealismGuidance/data/source/04758.jpg,/storage/users/multicog/mehul/RealismGuidance/data/target/09267.jpg,0.8231,/storage/users/multicog/mehul/RealismGuidance/output/checkpoints/batch/2026-04-28-10-47-40/04758__09267/n08/img/04758__09267__final__s04.png,0.9958,/storage/users/multicog/mehul/RealismGuidance/output/checkpoints/batch/2026-04-28-10-47-40/04758__09267/n08/img/04758__09267__final__s05.png,0.6002,/storage/users/multicog/mehul/RealismGuidance/output/checkpoints/batch/2026-04-28-10-47-40/04758__09267/n08/img/04758__09267__final__s02.png,8,8
/storage/users/multicog/mehul/RealismGuidance/data/source/05007.jpg,/storage/users/multicog/mehul/RealismGuidance/data/target/21330.jpg,0.0461,/storage/users/multicog/mehul/RealismGuidance/output/checkpoints/batch/2026-04-28-10-47-40/05007__21330/n08/img/05007__21330__final__s04.png,0.9977,/storage/users/multicog/mehul/RealismGuidance/output/checkpoints/batch/2026-04-28-10-47-40/05007__21330/n08/img/05007__21330__final__s02.png,0.2661,/storage/users/multicog/mehul/RealismGuidance/output/checkpoints/batch/2026-04-28-10-47-40/05007__21330/n08/img/05007__21330__final__s02.png,8,8
/storage/users/multicog/mehul/RealismGuidance/data/source/16972.jpg,/storage/users/multicog/mehul/RealismGuidance/data/target/12281.jpg,0.038,/storage/users/multicog/mehul/RealismGuidance/output/checkpoints/batch/2026-04-28-10-47-40/16972__12281/n08/img/16972__12281__final__s06.png,0.9923,/storage/users/multicog/mehul/RealismGuidance/output/checkpoints/batch/2026-04-28-10-47-40/16972__12281/n08/img/16972__12281__final__s01.png,0.2768,/storage/users/multicog/mehul/RealismGuidance/output/checkpoints/batch/2026-04-28-10-47-40/16972__12281/n08/img/16972__12281__final__s06.png,8,8
/storage/users/multicog/mehul/RealismGuidance/data/source/10479.jpg,/storage/users/multicog/mehul/RealismGuidance/data/target/16886.jpg,0.1041,/storage/users/multicog/mehul/RealismGuidance/output/checkpoints/batch/2026-04-28-10-47-40/10479__16886/n08/img/10479__16886__final__s03.png,0.9957,/storage/users/multicog/mehul/RealismGuidance/output/checkpoints/batch/2026-04-28-10-47-40/10479__16886/n08/img/10479__16886__final__s05.png,0.7265,/storage/users/multicog/mehul/RealismGuidance/output/checkpoints/batch/2026-04-28-10-47-40/10479__16886/n08/img/10479__16886__final__s01.png,8,8
/storage/users/multicog/mehul/RealismGuidance/data/source/07929.jpg,/storage/users/multicog/mehul/RealismGuidance/data/target/17635.jpg,0.0638,/storage/users/multicog/mehul/RealismGuidance/output/checkpoints/batch/2026-04-28-10-47-40/07929__17635/n08/img/07929__17635__final__s04.png,0.992,/storage/users/multicog/mehul/RealismGuidance/output/checkpoints/batch/2026-04-28-10-47-40/07929__17635/n08/img/07929__17635__final__s04.png,0.2239,/storage/users/multicog/mehul/RealismGuidance/output/checkpoints/batch/2026-04-28-10-47-40/07929__17635/n08/img/07929__17635__final__s04.png,8,8
/storage/users/multicog/mehul/RealismGuidance/data/source/22279.jpg,/storage/users/multicog/mehul/RealismGuidance/data/target/29539.jpg,0.1127,/storage/users/multicog/mehul/RealismGuidance/output/checkpoints/batch/2026-04-28-10-47-40/22279__29539/n08/img/22279__29539__final__s05.png,0.9942,/storage/users/multicog/mehul/RealismGuidance/output/checkpoints/batch/2026-04-28-10-47-40/22279__29539/n08/img/22279__29539__final__s07.png,0.4135,/storage/users/multicog/mehul/RealismGuidance/output/checkpoints/batch/2026-04-28-10-47-40/22279__29539/n08/img/22279__29539__final__s05.png,8,8
/storage/users/multicog/mehul/RealismGuidance/data/source/08193.jpg,/storage/users/multicog/mehul/RealismGuidance/data/target/00451.jpg,0.0626,/storage/users/multicog/mehul/RealismGuidance/output/checkpoints/batch/2026-04-28-10-47-40/08193__00451/n08/img/08193__00451__final__s01.png,0.9912,/storage/users/multicog/mehul/RealismGuidance/output/checkpoints/batch/2026-04-28-10-47-40/08193__00451/n08/img/08193__00451__final__s05.png,0.287,/storage/users/multicog/mehul/RealismGuidance/output/checkpoints/batch/2026-04-28-10-47-40/08193__00451/n08/img/08193__00451__final__s03.png,8,8
/storage/users/multicog/mehul/RealismGuidance/data/source/17834.jpg,/storage/users/multicog/mehul/RealismGuidance/data/target/25414.jpg,0.0222,/storage/users/multicog/mehul/RealismGuidance/output/checkpoints/batch/2026-04-28-10-47-40/17834__25414/n08/img/17834__25414__final__s02.png,0.9874,/storage/users/multicog/mehul/RealismGuidance/output/checkpoints/batch/2026-04-28-10-47-40/17834__25414/n08/img/17834__25414__final__s03.png,0.1144,/storage/users/multicog/mehul/RealismGuidance/output/checkpoints/batch/2026-04-28-10-47-40/17834__25414/n08/img/17834__25414__final__s04.png,8,8
/storage/users/multicog/mehul/RealismGuidance/data/source/01126.jpg,/storage/users/multicog/mehul/RealismGuidance/data/target/23760.jpg,0.0572,/storage/users/multicog/mehul/RealismGuidance/output/checkpoints/batch/2026-04-28-10-47-40/01126__23760/n08/img/01126__23760__final__s06.png,0.9808,/storage/users/multicog/mehul/RealismGuidance/output/checkpoints/batch/2026-04-28-10-47-40/01126__23760/n08/img/01126__23760__final__s03.png,0.5021,/storage/users/multicog/mehul/RealismGuidance/output/checkpoints/batch/2026-04-28-10-47-40/01126__23760/n08/img/01126__23760__final__s03.png,8,8
/storage/users/multicog/mehul/RealismGuidance/data/source/03537.jpg,/storage/users/multicog/mehul/RealismGuidance/data/target/16048.jpg,0.8298,/storage/users/multicog/mehul/RealismGuidance/output/checkpoints/batch/2026-04-28-10-47-40/03537__16048/n08/img/03537__16048__final__s04.png,0.9989,/storage/users/multicog/mehul/RealismGuidance/output/checkpoints/batch/2026-04-28-10-47-40/03537__16048/n08/img/03537__16048__final__s07.png,0.448,/storage/users/multicog/mehul/RealismGuidance/output/checkpoints/batch/2026-04-28-10-47-40/03537__16048/n08/img/03537__16048__final__s06.png,8,8
/storage/users/multicog/mehul/RealismGuidance/data/source/06623.jpg,/storage/users/multicog/mehul/RealismGuidance/data/target/15204.jpg,0.0835,/storage/users/multicog/mehul/RealismGuidance/output/checkpoints/batch/2026-04-28-10-47-40/06623__15204/n08/img/06623__15204__final__s02.png,0.9851,/storage/users/multicog/mehul/RealismGuidance/output/checkpoints/batch/2026-04-28-10-47-40/06623__15204/n08/img/06623__15204__final__s00.png,0.223,/storage/users/multicog/mehul/RealismGuidance/output/checkpoints/batch/2026-04-28-10-47-40/06623__15204/n08/img/06623__15204__final__s02.png,8,8
/storage/users/multicog/mehul/RealismGuidance/data/source/29226.jpg,/storage/users/multicog/mehul/RealismGuidance/data/target/29685.jpg,0.07,/storage/users/multicog/mehul/RealismGuidance/output/checkpoints/batch/2026-04-28-10-47-40/29226__29685/n08/img/29226__29685__final__s00.png,0.9936,/storage/users/multicog/mehul/RealismGuidance/output/checkpoints/batch/2026-04-28-10-47-40/29226__29685/n08/img/29226__29685__final__s04.png,0.5314,/storage/users/multicog/mehul/RealismGuidance/output/checkpoints/batch/2026-04-28-10-47-40/29226__29685/n08/img/29226__29685__final__s03.png,8,8
/storage/users/multicog/mehul/RealismGuidance/data/source/04975.jpg,/storage/users/multicog/mehul/RealismGuidance/data/target/11658.jpg,0.0766,/storage/users/multicog/mehul/RealismGuidance/output/checkpoints/batch/2026-04-28-10-47-40/04975__11658/n08/img/04975__11658__final__s04.png,0.9937,/storage/users/multicog/mehul/RealismGuidance/output/checkpoints/batch/2026-04-28-10-47-40/04975__11658/n08/img/04975__11658__final__s00.png,0.3624,/storage/users/multicog/mehul/RealismGuidance/output/checkpoints/batch/2026-04-28-10-47-40/04975__11658/n08/img/04975__11658__final__s02.png,8,8
/storage/users/multicog/mehul/RealismGuidance/data/source/00774.jpg,/storage/users/multicog/mehul/RealismGuidance/data/target/18151.jpg,0.1037,/storage/users/multicog/mehul/RealismGuidance/output/checkpoints/batch/2026-04-28-10-47-40/00774__18151/n08/img/00774__18151__final__s01.png,0.9972,/storage/users/multicog/mehul/RealismGuidance/output/checkpoints/batch/2026-04-28-10-47-40/00774__18151/n08/img/00774__18151__final__s03.png,0.3487,/storage/users/multicog/mehul/RealismGuidance/output/checkpoints/batch/2026-04-28-10-47-40/00774__18151/n08/img/00774__18151__final__s03.png,8,8
/storage/users/multicog/mehul/RealismGuidance/data/source/14155.jpg,/storage/users/multicog/mehul/RealismGuidance/data/target/19023.jpg,0.0368,/storage/users/multicog/mehul/RealismGuidance/output/checkpoints/batch/2026-04-28-10-47-40/14155__19023/n08/img/14155__19023__final__s00.png,0.993,/storage/users/multicog/mehul/RealismGuidance/output/checkpoints/batch/2026-04-28-10-47-40/14155__19023/n08/img/14155__19023__final__s06.png,0.2612,/storage/users/multicog/mehul/RealismGuidance/output/checkpoints/batch/2026-04-28-10-47-40/14155__19023/n08/img/14155__19023__final__s05.png,8,8
/storage/users/multicog/mehul/RealismGuidance/data/source/25186.jpg,/storage/users/multicog/mehul/RealismGuidance/data/target/26571.jpg,0.017,/storage/users/multicog/mehul/RealismGuidance/output/checkpoints/batch/2026-04-28-10-47-40/25186__26571/n08/img/25186__26571__final__s01.png,0.9961,/storage/users/multicog/mehul/RealismGuidance/output/checkpoints/batch/2026-04-28-10-47-40/25186__26571/n08/img/25186__26571__final__s02.png,0.3094,/storage/users/multicog/mehul/RealismGuidance/output/checkpoints/batch/2026-04-28-10-47-40/25186__26571/n08/img/25186__26571__final__s06.png,8,8
/storage/users/multicog/mehul/RealismGuidance/data/source/23475.jpg,/storage/users/multicog/mehul/RealismGuidance/data/target/16689.jpg,0.0802,/storage/users/multicog/mehul/RealismGuidance/output/checkpoints/batch/2026-04-28-10-47-40/23475__16689/n08/img/23475__16689__final__s04.png,0.9979,/storage/users/multicog/mehul/RealismGuidance/output/checkpoints/batch/2026-04-28-10-47-40/23475__16689/n08/img/23475__16689__final__s07.png,0.55,/storage/users/multicog/mehul/RealismGuidance/output/checkpoints/batch/2026-04-28-10-47-40/23475__16689/n08/img/23475__16689__final__s03.png,8,8
/storage/users/multicog/mehul/RealismGuidance/data/source/23218.jpg,/storage/users/multicog/mehul/RealismGuidance/data/target/25587.jpg,0.0836,/storage/users/multicog/mehul/RealismGuidance/output/checkpoints/batch/2026-04-28-10-47-40/23218__25587/n08/img/23218__25587__final__s06.png,0.9935,/storage/users/multicog/mehul/RealismGuidance/output/checkpoints/batch/2026-04-28-10-47-40/23218__25587/n08/img/23218__25587__final__s03.png,0.2417,/storage/users/multicog/mehul/RealismGuidance/output/checkpoints/batch/2026-04-28-10-47-40/23218__25587/n08/img/23218__25587__final__s00.png,8,8
/storage/users/multicog/mehul/RealismGuidance/data/source/07050.jpg,/storage/users/multicog/mehul/RealismGuidance/data/target/25784.jpg,0.8135,/storage/users/multicog/mehul/RealismGuidance/output/checkpoints/batch/2026-04-28-10-47-40/07050__25784/n08/img/07050__25784__final__s04.png,0.9863,/storage/users/multicog/mehul/RealismGuidance/output/checkpoints/batch/2026-04-28-10-47-40/07050__25784/n08/img/07050__25784__final__s02.png,0.2159,/storage/users/multicog/mehul/RealismGuidance/output/checkpoints/batch/2026-04-28-10-47-40/07050__25784/n08/img/07050__25784__final__s02.png,8,8
/storage/users/multicog/mehul/RealismGuidance/data/source/04630.jpg,/storage/users/multicog/mehul/RealismGuidance/data/target/17868.jpg,0.153,/storage/users/multicog/mehul/RealismGuidance/output/checkpoints/batch/2026-04-28-10-47-40/04630__17868/n08/img/04630__17868__final__s07.png,0.982,/storage/users/multicog/mehul/RealismGuidance/output/checkpoints/batch/2026-04-28-10-47-40/04630__17868/n08/img/04630__17868__final__s06.png,0.2586,/storage/users/multicog/mehul/RealismGuidance/output/checkpoints/batch/2026-04-28-10-47-40/04630__17868/n08/img/04630__17868__final__s05.png,8,8
/storage/users/multicog/mehul/RealismGuidance/data/source/18212.jpg,/storage/users/multicog/mehul/RealismGuidance/data/target/11043.jpg,0.0529,/storage/users/multicog/mehul/RealismGuidance/output/checkpoints/batch/2026-04-28-10-47-40/18212__11043/n08/img/18212__11043__final__s07.png,0.9953,/storage/users/multicog/mehul/RealismGuidance/output/checkpoints/batch/2026-04-28-10-47-40/18212__11043/n08/img/18212__11043__final__s07.png,0.393,/storage/users/multicog/mehul/RealismGuidance/output/checkpoints/batch/2026-04-28-10-47-40/18212__11043/n08/img/18212__11043__final__s02.png,8,8
/storage/users/multicog/mehul/RealismGuidance/data/source/14305.jpg,/storage/users/multicog/mehul/RealismGuidance/data/target/12556.jpg,1.0,/storage/users/multicog/mehul/RealismGuidance/output/checkpoints/batch/2026-04-28-10-47-40/14305__12556/n08/img/14305__12556__final__s00.png,0.9978,/storage/users/multicog/mehul/RealismGuidance/output/checkpoints/batch/2026-04-28-10-47-40/14305__12556/n08/img/14305__12556__final__s00.png,0.6173,/storage/users/multicog/mehul/RealismGuidance/output/checkpoints/batch/2026-04-28-10-47-40/14305__12556/n08/img/14305__12556__final__s02.png,8,8
/storage/users/multicog/mehul/RealismGuidance/data/source/12694.jpg,/storage/users/multicog/mehul/RealismGuidance/data/target/09100.jpg,0.734,/storage/users/multicog/mehul/RealismGuidance/output/checkpoints/batch/2026-04-28-10-47-40/12694__09100/n08/img/12694__09100__final__s06.png,0.9944,/storage/users/multicog/mehul/RealismGuidance/output/checkpoints/batch/2026-04-28-10-47-40/12694__09100/n08/img/12694__09100__final__s01.png,0.4288,/storage/users/multicog/mehul/RealismGuidance/output/checkpoints/batch/2026-04-28-10-47-40/12694__09100/n08/img/12694__09100__final__s01.png,8,8
/storage/users/multicog/mehul/RealismGuidance/data/source/25381.jpg,/storage/users/multicog/mehul/RealismGuidance/data/target/12957.jpg,0.0802,/storage/users/multicog/mehul/RealismGuidance/output/checkpoints/batch/2026-04-28-10-47-40/25381__12957/n08/img/25381__12957__final__s02.png,0.9879,/storage/users/multicog/mehul/RealismGuidance/output/checkpoints/batch/2026-04-28-10-47-40/25381__12957/n08/img/25381__12957__final__s02.png,0.3484,/storage/users/multicog/mehul/RealismGuidance/output/checkpoints/batch/2026-04-28-10-47-40/25381__12957/n08/img/25381__12957__final__s05.png,8,8
/storage/users/multicog/mehul/RealismGuidance/data/source/17607.jpg,/storage/users/multicog/mehul/RealismGuidance/data/target/10213.jpg,0.0873,/storage/users/multicog/mehul/RealismGuidance/output/checkpoints/batch/2026-04-28-10-47-40/17607__10213/n08/img/17607__10213__final__s07.png,0.996,/storage/users/multicog/mehul/RealismGuidance/output/checkpoints/batch/2026-04-28-10-47-40/17607__10213/n08/img/17607__10213__final__s03.png,0.3389,/storage/users/multicog/mehul/RealismGuidance/output/checkpoints/batch/2026-04-28-10-47-40/17607__10213/n08/img/17607__10213__final__s04.png,8,8
/storage/users/multicog/mehul/RealismGuidance/data/source/20567.jpg,/storage/users/multicog/mehul/RealismGuidance/data/target/09467.jpg,1.0,/storage/users/multicog/mehul/RealismGuidance/output/checkpoints/batch/2026-04-28-10-47-40/20567__09467/n08/img/20567__09467__final__s00.png,0.9956,/storage/users/multicog/mehul/RealismGuidance/output/checkpoints/batch/2026-04-28-10-47-40/20567__09467/n08/img/20567__09467__final__s06.png,0.3063,/storage/users/multicog/mehul/RealismGuidance/output/checkpoints/batch/2026-04-28-10-47-40/20567__09467/n08/img/20567__09467__final__s01.png,8,8
/storage/users/multicog/mehul/RealismGuidance/data/source/00683.jpg,/storage/users/multicog/mehul/RealismGuidance/data/target/07722.jpg,0.0272,/storage/users/multicog/mehul/RealismGuidance/output/checkpoints/batch/2026-04-28-10-47-40/00683__07722/n08/img/00683__07722__final__s02.png,0.9956,/storage/users/multicog/mehul/RealismGuidance/output/checkpoints/batch/2026-04-28-10-47-40/00683__07722/n08/img/00683__07722__final__s04.png,0.6471,/storage/users/multicog/mehul/RealismGuidance/output/checkpoints/batch/2026-04-28-10-47-40/00683__07722/n08/img/00683__07722__final__s02.png,8,8
/storage/users/multicog/mehul/RealismGuidance/data/source/23052.jpg,/storage/users/multicog/mehul/RealismGuidance/data/target/01772.jpg,0.1116,/storage/users/multicog/mehul/RealismGuidance/output/checkpoints/batch/2026-04-28-10-47-40/23052__01772/n08/img/23052__01772__final__s07.png,0.9814,/storage/users/multicog/mehul/RealismGuidance/output/checkpoints/batch/2026-04-28-10-47-40/23052__01772/n08/img/23052__01772__final__s04.png,0.5574,/storage/users/multicog/mehul/RealismGuidance/output/checkpoints/batch/2026-04-28-10-47-40/23052__01772/n08/img/23052__01772__final__s07.png,8,8
/storage/users/multicog/mehul/RealismGuidance/data/source/01463.jpg,/storage/users/multicog/mehul/RealismGuidance/data/target/14078.jpg,0.0341,/storage/users/multicog/mehul/RealismGuidance/output/checkpoints/batch/2026-04-28-10-47-40/01463__14078/n08/img/01463__14078__final__s06.png,0.9972,/storage/users/multicog/mehul/RealismGuidance/output/checkpoints/batch/2026-04-28-10-47-40/01463__14078/n08/img/01463__14078__final__s01.png,0.4034,/storage/users/multicog/mehul/RealismGuidance/output/checkpoints/batch/2026-04-28-10-47-40/01463__14078/n08/img/01463__14078__final__s06.png,8,8
/storage/users/multicog/mehul/RealismGuidance/data/source/25613.jpg,/storage/users/multicog/mehul/RealismGuidance/data/target/13528.jpg,0.0849,/storage/users/multicog/mehul/RealismGuidance/output/checkpoints/batch/2026-04-28-10-47-40/25613__13528/n08/img/25613__13528__final__s03.png,0.989,/storage/users/multicog/mehul/RealismGuidance/output/checkpoints/batch/2026-04-28-10-47-40/25613__13528/n08/img/25613__13528__final__s05.png,0.5596,/storage/users/multicog/mehul/RealismGuidance/output/checkpoints/batch/2026-04-28-10-47-40/25613__13528/n08/img/25613__13528__final__s05.png,8,8
/storage/users/multicog/mehul/RealismGuidance/data/source/10657.jpg,/storage/users/multicog/mehul/RealismGuidance/data/target/03526.jpg,0.0997,/storage/users/multicog/mehul/RealismGuidance/output/checkpoints/batch/2026-04-28-10-47-40/10657__03526/n08/img/10657__03526__final__s01.png,0.9964,/storage/users/multicog/mehul/RealismGuidance/output/checkpoints/batch/2026-04-28-10-47-40/10657__03526/n08/img/10657__03526__final__s07.png,0.4578,/storage/users/multicog/mehul/RealismGuidance/output/checkpoints/batch/2026-04-28-10-47-40/10657__03526/n08/img/10657__03526__final__s01.png,8,8
/storage/users/multicog/mehul/RealismGuidance/data/source/24126.jpg,/storage/users/multicog/mehul/RealismGuidance/data/target/29511.jpg,0.1502,/storage/users/multicog/mehul/RealismGuidance/output/checkpoints/batch/2026-04-28-10-47-40/24126__29511/n08/img/24126__29511__final__s04.png,0.9742,/storage/users/multicog/mehul/RealismGuidance/output/checkpoints/batch/2026-04-28-10-47-40/24126__29511/n08/img/24126__29511__final__s02.png,0.26,/storage/users/multicog/mehul/RealismGuidance/output/checkpoints/batch/2026-04-28-10-47-40/24126__29511/n08/img/24126__29511__final__s01.png,8,8
/storage/users/multicog/mehul/RealismGuidance/data/source/02897.jpg,/storage/users/multicog/mehul/RealismGuidance/data/target/13020.jpg,0.1193,/storage/users/multicog/mehul/RealismGuidance/output/checkpoints/batch/2026-04-28-10-47-40/02897__13020/n08/img/02897__13020__final__s02.png,0.998,/storage/users/multicog/mehul/RealismGuidance/output/checkpoints/batch/2026-04-28-10-47-40/02897__13020/n08/img/02897__13020__final__s06.png,0.2442,/storage/users/multicog/mehul/RealismGuidance/output/checkpoints/batch/2026-04-28-10-47-40/02897__13020/n08/img/02897__13020__final__s00.png,8,8
/storage/users/multicog/mehul/RealismGuidance/data/source/03199.jpg,/storage/users/multicog/mehul/RealismGuidance/data/target/29871.jpg,0.0369,/storage/users/multicog/mehul/RealismGuidance/output/checkpoints/batch/2026-04-28-10-47-40/03199__29871/n08/img/03199__29871__final__s05.png,0.9963,/storage/users/multicog/mehul/RealismGuidance/output/checkpoints/batch/2026-04-28-10-47-40/03199__29871/n08/img/03199__29871__final__s00.png,0.318,/storage/users/multicog/mehul/RealismGuidance/output/checkpoints/batch/2026-04-28-10-47-40/03199__29871/n08/img/03199__29871__final__s02.png,8,8
/storage/users/multicog/mehul/RealismGuidance/data/source/22832.jpg,/storage/users/multicog/mehul/RealismGuidance/data/target/01029.jpg,0.7593,/storage/users/multicog/mehul/RealismGuidance/output/checkpoints/batch/2026-04-28-10-47-40/22832__01029/n08/img/22832__01029__final__s06.png,0.9889,/storage/users/multicog/mehul/RealismGuidance/output/checkpoints/batch/2026-04-28-10-47-40/22832__01029/n08/img/22832__01029__final__s01.png,0.2819,/storage/users/multicog/mehul/RealismGuidance/output/checkpoints/batch/2026-04-28-10-47-40/22832__01029/n08/img/22832__01029__final__s02.png,8,8
/storage/users/multicog/mehul/RealismGuidance/data/source/17252.jpg,/storage/users/multicog/mehul/RealismGuidance/data/target/11302.jpg,0.0853,/storage/users/multicog/mehul/RealismGuidance/output/checkpoints/batch/2026-04-28-10-47-40/17252__11302/n08/img/17252__11302__final__s05.png,0.9927,/storage/users/multicog/mehul/RealismGuidance/output/checkpoints/batch/2026-04-28-10-47-40/17252__11302/n08/img/17252__11302__final__s02.png,0.3171,/storage/users/multicog/mehul/RealismGuidance/output/checkpoints/batch/2026-04-28-10-47-40/17252__11302/n08/img/17252__11302__final__s00.png,8,8
/storage/users/multicog/mehul/RealismGuidance/data/source/28754.jpg,/storage/users/multicog/mehul/RealismGuidance/data/target/17357.jpg,1.0,/storage/users/multicog/mehul/RealismGuidance/output/checkpoints/batch/2026-04-28-10-47-40/28754__17357/n08/img/28754__17357__final__s00.png,0.9959,/storage/users/multicog/mehul/RealismGuidance/output/checkpoints/batch/2026-04-28-10-47-40/28754__17357/n08/img/28754__17357__final__s07.png,0.649,/storage/users/multicog/mehul/RealismGuidance/output/checkpoints/batch/2026-04-28-10-47-40/28754__17357/n08/img/28754__17357__final__s05.png,8,8
/storage/users/multicog/mehul/RealismGuidance/data/source/19908.jpg,/storage/users/multicog/mehul/RealismGuidance/data/target/06016.jpg,0.102,/storage/users/multicog/mehul/RealismGuidance/output/checkpoints/batch/2026-04-28-10-47-40/19908__06016/n08/img/19908__06016__final__s04.png,0.992,/storage/users/multicog/mehul/RealismGuidance/output/checkpoints/batch/2026-04-28-10-47-40/19908__06016/n08/img/19908__06016__final__s00.png,0.3631,/storage/users/multicog/mehul/RealismGuidance/output/checkpoints/batch/2026-04-28-10-47-40/19908__06016/n08/img/19908__06016__final__s05.png,8,8
/storage/users/multicog/mehul/RealismGuidance/data/source/02618.jpg,/storage/users/multicog/mehul/RealismGuidance/data/target/03789.jpg,0.0688,/storage/users/multicog/mehul/RealismGuidance/output/checkpoints/batch/2026-04-28-10-47-40/02618__03789/n08/img/02618__03789__final__s04.png,0.9916,/storage/users/multicog/mehul/RealismGuidance/output/checkpoints/batch/2026-04-28-10-47-40/02618__03789/n08/img/02618__03789__final__s05.png,0.2468,/storage/users/multicog/mehul/RealismGuidance/output/checkpoints/batch/2026-04-28-10-47-40/02618__03789/n08/img/02618__03789__final__s04.png,8,8
/storage/users/multicog/mehul/RealismGuidance/data/source/20794.jpg,/storage/users/multicog/mehul/RealismGuidance/data/target/26367.jpg,0.0121,/storage/users/multicog/mehul/RealismGuidance/output/checkpoints/batch/2026-04-28-10-47-40/20794__26367/n08/img/20794__26367__final__s05.png,0.9869,/storage/users/multicog/mehul/RealismGuidance/output/checkpoints/batch/2026-04-28-10-47-40/20794__26367/n08/img/20794__26367__final__s05.png,0.199,/storage/users/multicog/mehul/RealismGuidance/output/checkpoints/batch/2026-04-28-10-47-40/20794__26367/n08/img/20794__26367__final__s05.png,8,8
/storage/users/multicog/mehul/RealismGuidance/data/source/19043.jpg,/storage/users/multicog/mehul/RealismGuidance/data/target/17917.jpg,0.0288,/storage/users/multicog/mehul/RealismGuidance/output/checkpoints/batch/2026-04-28-10-47-40/19043__17917/n08/img/19043__17917__final__s04.png,0.9932,/storage/users/multicog/mehul/RealismGuidance/output/checkpoints/batch/2026-04-28-10-47-40/19043__17917/n08/img/19043__17917__final__s00.png,0.2518,/storage/users/multicog/mehul/RealismGuidance/output/checkpoints/batch/2026-04-28-10-47-40/19043__17917/n08/img/19043__17917__final__s00.png,8,8
/storage/users/multicog/mehul/RealismGuidance/data/source/06205.jpg,/storage/users/multicog/mehul/RealismGuidance/data/target/24133.jpg,1.0,/storage/users/multicog/mehul/RealismGuidance/output/checkpoints/batch/2026-04-28-10-47-40/06205__24133/n08/img/06205__24133__final__s00.png,0.9945,/storage/users/multicog/mehul/RealismGuidance/output/checkpoints/batch/2026-04-28-10-47-40/06205__24133/n08/img/06205__24133__final__s07.png,0.6111,/storage/users/multicog/mehul/RealismGuidance/output/checkpoints/batch/2026-04-28-10-47-40/06205__24133/n08/img/06205__24133__final__s06.png,8,8
/storage/users/multicog/mehul/RealismGuidance/data/source/22432.jpg,/storage/users/multicog/mehul/RealismGuidance/data/target/20859.jpg,0.0469,/storage/users/multicog/mehul/RealismGuidance/output/checkpoints/batch/2026-04-28-10-47-40/22432__20859/n08/img/22432__20859__final__s02.png,0.9892,/storage/users/multicog/mehul/RealismGuidance/output/checkpoints/batch/2026-04-28-10-47-40/22432__20859/n08/img/22432__20859__final__s00.png,0.4785,/storage/users/multicog/mehul/RealismGuidance/output/checkpoints/batch/2026-04-28-10-47-40/22432__20859/n08/img/22432__20859__final__s01.png,8,8
/storage/users/multicog/mehul/RealismGuidance/data/source/11479.jpg,/storage/users/multicog/mehul/RealismGuidance/data/target/04259.jpg,0.1998,/storage/users/multicog/mehul/RealismGuidance/output/checkpoints/batch/2026-04-28-10-47-40/11479__04259/n08/img/11479__04259__final__s02.png,0.9981,/storage/users/multicog/mehul/RealismGuidance/output/checkpoints/batch/2026-04-28-10-47-40/11479__04259/n08/img/11479__04259__final__s02.png,0.4616,/storage/users/multicog/mehul/RealismGuidance/output/checkpoints/batch/2026-04-28-10-47-40/11479__04259/n08/img/11479__04259__final__s04.png,8,8
/storage/users/multicog/mehul/RealismGuidance/data/source/00907.jpg,/storage/users/multicog/mehul/RealismGuidance/data/target/04364.jpg,0.0321,/storage/users/multicog/mehul/RealismGuidance/output/checkpoints/batch/2026-04-28-10-47-40/00907__04364/n08/img/00907__04364__final__s00.png,0.9871,/storage/users/multicog/mehul/RealismGuidance/output/checkpoints/batch/2026-04-28-10-47-40/00907__04364/n08/img/00907__04364__final__s05.png,0.2546,/storage/users/multicog/mehul/RealismGuidance/output/checkpoints/batch/2026-04-28-10-47-40/00907__04364/n08/img/00907__04364__final__s03.png,8,8
/storage/users/multicog/mehul/RealismGuidance/data/source/01300.jpg,/storage/users/multicog/mehul/RealismGuidance/data/target/15661.jpg,0.1535,/storage/users/multicog/mehul/RealismGuidance/output/checkpoints/batch/2026-04-28-10-47-40/01300__15661/n08/img/01300__15661__final__s07.png,0.9921,/storage/users/multicog/mehul/RealismGuidance/output/checkpoints/batch/2026-04-28-10-47-40/01300__15661/n08/img/01300__15661__final__s00.png,0.3414,/storage/users/multicog/mehul/RealismGuidance/output/checkpoints/batch/2026-04-28-10-47-40/01300__15661/n08/img/01300__15661__final__s00.png,8,8
/storage/users/multicog/mehul/RealismGuidance/data/source/15653.jpg,/storage/users/multicog/mehul/RealismGuidance/data/target/23130.jpg,0.7016,/storage/users/multicog/mehul/RealismGuidance/output/checkpoints/batch/2026-04-28-10-47-40/15653__23130/n08/img/15653__23130__final__s02.png,0.9815,/storage/users/multicog/mehul/RealismGuidance/output/checkpoints/batch/2026-04-28-10-47-40/15653__23130/n08/img/15653__23130__final__s03.png,0.3797,/storage/users/multicog/mehul/RealismGuidance/output/checkpoints/batch/2026-04-28-10-47-40/15653__23130/n08/img/15653__23130__final__s06.png,8,8
