target,source
28769.jpg,27003.jpg
18636.jpg,26373.jpg
27544.jpg,03301.jpg
01363.jpg,10663.jpg
01080.jpg,24200.jpg
26502.jpg,04481.jpg
08835.jpg,13269.jpg
07240.jpg,01193.jpg
15009.jpg,19610.jpg
01452.jpg,09737.jpg
18833.jpg,08216.jpg
02338.jpg,07631.jpg
17224.jpg,22350.jpg
01410.jpg,29603.jpg
08106.jpg,11754.jpg
11790.jpg,18500.jpg
24138.jpg,01530.jpg
22067.jpg,14946.jpg
21053.jpg,24634.jpg
06575.jpg,15942.jpg
19797.jpg,01745.jpg
19075.jpg,18422.jpg
19077.jpg,20652.jpg
06328.jpg,29653.jpg
10782.jpg,29995.jpg
12036.jpg,22937.jpg
08608.jpg,21464.jpg
21828.jpg,20700.jpg
12406.jpg,14498.jpg
06197.jpg,29777.jpg
24544.jpg,10146.jpg
03158.jpg,17501.jpg
25606.jpg,15555.jpg
12203.jpg,21234.jpg
17865.jpg,02567.jpg
07746.jpg,12664.jpg
21513.jpg,01930.jpg
17568.jpg,24376.jpg
29674.jpg,21914.jpg
10208.jpg,11437.jpg
05681.jpg,29866.jpg
24336.jpg,10505.jpg
25536.jpg,19640.jpg
09989.jpg,03211.jpg
28995.jpg,15392.jpg
23645.jpg,28436.jpg
10399.jpg,20413.jpg
21334.jpg,23239.jpg
02712.jpg,06509.jpg
29785.jpg,28860.jpg
17779.jpg,10253.jpg
24361.jpg,08658.jpg
02645.jpg,19318.jpg
09267.jpg,04758.jpg
21330.jpg,05007.jpg
12281.jpg,16972.jpg
16886.jpg,10479.jpg
17635.jpg,07929.jpg
29539.jpg,22279.jpg
00451.jpg,08193.jpg
25414.jpg,17834.jpg
23760.jpg,01126.jpg
16048.jpg,03537.jpg
15204.jpg,06623.jpg
29685.jpg,29226.jpg
11658.jpg,04975.jpg
18151.jpg,00774.jpg
19023.jpg,14155.jpg
26571.jpg,25186.jpg
16689.jpg,23475.jpg
25587.jpg,23218.jpg
25784.jpg,07050.jpg
17868.jpg,04630.jpg
11043.jpg,18212.jpg
12556.jpg,14305.jpg
09100.jpg,12694.jpg
12957.jpg,25381.jpg
10213.jpg,17607.jpg
09467.jpg,20567.jpg
07722.jpg,00683.jpg
01772.jpg,23052.jpg
14078.jpg,01463.jpg
13528.jpg,25613.jpg
03526.jpg,10657.jpg
29511.jpg,24126.jpg
13020.jpg,02897.jpg
29871.jpg,03199.jpg
01029.jpg,22832.jpg
11302.jpg,17252.jpg
17357.jpg,28754.jpg
06016.jpg,19908.jpg
03789.jpg,02618.jpg
26367.jpg,20794.jpg
17917.jpg,19043.jpg
24133.jpg,06205.jpg
20859.jpg,22432.jpg
04259.jpg,11479.jpg
04364.jpg,00907.jpg
15661.jpg,01300.jpg
23130.jpg,15653.jpg
